t,discount_rate1,discount_rate2,premium,pv_premiums1,pv_premiums2,pv_premiums_avg
0,1.0,1.0,1000.0,789898.2787304269,793480.8181618575,791689.5484461422
1,0.9999,0.9998,1000.0,788977.1764480717,792639.3460310637,790808.2612395678
2,0.9991,0.9997,1000.0,788686.9947433408,791876.9091037948,790281.9519235678
3,0.9992,0.9993,1000.0,788317.6488624307,791430.9107413138,789874.2798018723
4,0.9998,0.9999,1000.0,787475.1438912089,790509.9617374876,788992.5528143483
5,0.9995,0.999,1000.0,786868.578180299,790300.2619994871,788584.420089893
6,0.9998,0.9999,1000.0,786025.7833369664,789379.199919479,787702.4916282226
7,0.9992,0.9998,1000.0,785654.3067823923,788536.9073009391,787095.6070416657
8,0.9999,0.9992,1000.0,784732.7800603984,788167.4412539422,786450.1106571703
9,0.9991,0.999,1000.0,784438.7749578605,787955.3966505928,786197.0858042266
10,0.9996,0.9996,1000.0,783752.2758682077,787270.3047725018,785511.2903203547
11,0.9999,0.9994,1000.0,782830.5589241001,786742.3501826114,784786.4545533557
12,0.9992,0.9995,1010.0,782456.5241434149,786135.4178915571,784295.971017486
13,0.9996,0.9995,1010.0,781759.2278345487,785518.176980047,783638.7024072979
14,0.9996,0.9998,1010.0,781061.6524955468,784665.1100020474,782863.381248797
15,0.9993,0.9995,1010.0,780598.0711453486,784047.1335688317,782322.6023570902
16,0.9996,0.9994,1010.0,779900.0311578116,783507.2379115787,781703.6345346952
17,0.9994,0.9994,1010.0,779357.6457452588,782967.0181224522,781162.3319338555
18,0.999,0.9996,1010.0,779126.7725177766,782269.9260928893,780698.3493053329
19,0.9992,0.9994,1010.0,778739.76432924,781728.9634709719,780234.3639001059
20,0.9994,0.9992,1010.0,778196.6823386432,781344.0387019335,779770.3605202883
21,0.9999,0.9994,1010.0,777264.4087795211,780802.520214062,779033.4644967916
22,0.9997,0.9996,1010.0,776487.3549860169,780104.5620388775,778295.9585124472
23,0.9992,0.9995,1010.0,776098.2335728751,779484.3041909729,777791.268881924
24,0.999,0.9999,1020.1,775864.0976705457,778552.1594069137,777208.1285387296
25,0.999,0.999,1020.1,775619.6172878336,778310.3697766904,776964.993532262
26,0.9995,0.9998,1020.1,774987.0107932301,777445.7589284761,776216.3848608532
27,0.9991,0.9994,1020.1,774664.108490872,776891.7940048791,775777.9512478756
28,0.9992,0.999,1020.1,774263.419226253,776648.3423472263,775455.8807867398
29,0.9998,0.9991,1020.1,773397.9988260183,776326.9365901576,774862.467708088
30,0.9999,0.999,1020.1,772455.1443404524,776082.9195096672,774269.0319250599
31,0.9992,0.9992,1020.1,772052.6864896441,775683.3662026294,773868.0263461368
32,0.999,0.999,1020.1,771804.3908805246,775438.704907537,773621.5478940308
33,0.9995,0.9995,1020.1,771169.8758184338,774806.0079114927,772987.9418649633
34,0.9999,0.9999,1020.1,770226.7984982837,773863.2942409168,772045.0463696003
35,0.9991,0.9994,1020.1,769899.6081456149,773307.1785480457,771603.3933468303
36,0.9991,0.9999,1030.301,769572.1230563656,772364.3149795437,770968.2190179547
37,0.9998,0.9993,1030.301,768695.5611685994,771874.3260077492,770284.9435881743
38,0.9996,0.9995,1030.301,767972.4491482587,771229.639827663,769601.0444879609
39,0.9993,0.999,1030.301,767479.3837168606,770970.3091367998,769224.8464268302
40,0.9992,0.9995,1030.301,767062.7329031831,770325.1707221608,768693.951812672
41,0.9999,0.9999,1030.301,766109.0428074639,769371.8069028511,767740.4248551575
42,0.9997,0.9997,1030.301,765308.3343077563,768572.077526109,766940.2059169326
43,0.999,0.999,1030.301,765043.0763841404,768310.0866127217,766676.581498431
44,0.9991,0.9995,1030.301,764701.0062898012,767663.6174214324,766182.3118556167
45,0.999,0.9991,1030.301,764435.1404302315,767323.9079385771,765879.5241844043
46,0.9997,0.9996,1030.301,763633.9296091142,766600.2470373921,765117.0883232532
47,0.9999,0.9991,1030.301,762679.8965987741,766259.5796590854,764469.7381289297
48,0.999,0.9994,1040.60401,762412.0076063805,765688.6918742099,764050.3497402952
49,0.9996,0.9993,1040.60401,761676.0740259909,765183.7164657359,763429.8952458634
50,0.9999,0.9999,1040.60401,760711.5411701079,764219.5344091768,762465.5377896423
51,0.9998,0.9992,1040.60401,759822.901740456,763789.962369072,761806.432054764
52,0.9998,0.999,1040.60401,758934.0845473654,763512.8712303023,761223.4778888338
53,0.9995,0.9998,1040.60401,758272.6168457883,762624.7921787379,760448.7045122632
54,0.9998,0.9994,1040.60401,757383.489533695,762041.4130165479,759712.4512751214
55,0.999,0.9995,1040.60401,757099.9855092042,761381.4997564261,759240.7426328151
56,0.999,0.9998,1040.60401,756816.1976969012,760492.9943452951,758654.5960210981
57,0.9997,0.9994,1040.60401,756002.3944052227,759908.335336497,757955.3648708599
58,0.999,0.999,1040.60401,755717.5079031258,759627.3586851822,757672.433294154
59,0.9995,0.9992,1040.60401,755054.4311086801,759194.1099631527,757124.2705359163
60,0.9998,0.9994,1051.0100501,754164.6600306862,758608.6711558462,756386.6655932663
61,0.9999,0.9997,1051.0100501,753188.9688774738,757784.9966047276,755486.9827411007
62,0.9993,0.9998,1051.0100501,752664.8242043168,756885.363627353,754775.0939158349
63,0.9999,0.9993,1051.0100501,751688.9830525221,756363.8082430231,754026.3956477726
64,0.9992,0.9998,1051.0100501,751238.9641737611,755463.8909711173,753351.4275724392
65,0.9998,0.9999,1051.0100501,750338.0217280067,754488.3297539926,752413.1757409996
66,0.9991,0.9998,1051.0100501,749961.9774576185,753588.0373113548,751775.0073844866
67,0.9991,0.9996,1051.0100501,749585.5944425167,752838.1625262653,751211.8784843909
68,0.9993,0.9991,1051.0100501,749058.9256403649,752464.3704095338,750761.6480249494
69,0.9996,0.9994,1051.0100501,748307.238485659,751864.479046862,750085.8587662606
70,0.9997,0.9998,1051.0100501,747480.4725773322,750963.6617291077,749222.06715322
71,0.9992,0.999,1051.0100501,747027.0841945878,750663.3149940016,748845.1995942947
72,0.9995,0.999,1061.5201506009998,746349.2487688721,750362.6676115132,748355.9581901927
73,0.9998,0.999,1061.5201506009998,745436.8159814674,750051.1986595717,747744.0073205195
74,0.9995,0.9995,1061.5201506009998,744747.6696656991,749364.3606893152,747056.0151775072
75,0.9991,0.9999,1061.5201506009998,744356.0699780784,748377.6783065449,746366.8741423116
76,0.999,0.9994,1061.5201506009998,744038.5884158933,747764.8170461716,745901.7027310324
77,0.9993,0.9991,1061.5201506009998,743497.516526861,747375.9352372842,745436.7258820726
78,0.9994,0.9996,1061.5201506009998,742881.7254115068,746613.0603108074,744747.3928611572
79,0.9995,0.9991,1061.5201506009998,742191.3009113615,746223.1409870947,744207.2209492282
80,0.999,0.9993,1061.5201506009998,741871.6524131736,745683.5993560429,743777.6258846082
81,0.999,0.9996,1061.5201506009998,741551.683946519,744920.0472243315,743235.8655854253
82,0.9992,0.9993,1061.5201506009998,741083.0302200941,744379.5927886826,742731.3115043883
83,0.9991,0.9994,1061.5201506009998,740688.1293859405,743764.3312368236,742226.2303113821
84,0.9996,0.9994,1072.1353521070098,739922.5782666461,743148.7003064064,741535.6392865262
85,0.9991,0.9998,1072.1353521070098,739516.0073211282,742225.0099562906,740870.5086387093
86,0.9997,0.9998,1072.1353521070098,738665.4716105043,741301.1348311498,739983.3032208271
87,0.9996,0.9997,1072.1353521070098,737888.4916550593,740451.1348194886,739169.813237274
88,0.9996,0.9997,1072.1353521070098,737111.2007832655,739600.879731301,738356.0402572833
89,0.9999,0.9997,1072.1353521070098,736112.6766988283,738750.3694900409,737431.5230944346
90,0.9998,0.9995,1072.1353521070098,735187.5788624939,738047.2577668173,736617.4183146555
91,0.9998,0.9994,1072.1353521070098,734262.2959695808,737417.5729584855,735839.9344640331
92,0.9997,0.9996,1072.1353521070098,733410.1836725755,736640.093643836,735025.1386582057
93,0.9991,0.9996,1072.1353521070098,732997.7462921315,735862.3032130142,734430.0247525729
94,0.9991,0.9996,1072.1353521070098,732584.9373836698,735084.2015415237,733834.5694625967
95,0.999,0.9994,1072.1353521070098,732245.0470786414,734452.737832116,733348.8924553787
96,0.9999,0.9997,1082.85670562808,731246.0363301673,733600.6826848144,732423.3595074909
97,0.9997,0.9996,1082.85670562808,730382.294312833,732810.95035933,731596.6223360815
98,0.9992,0.9991,1082.85670562808,729883.3442826311,732387.2421716565,731135.2932271438
99,0.9997,0.9996,1082.85670562808,729019.1933350035,731597.0242757386,730308.108805371
100,0.9994,0.9998,1082.85670562808,728373.3606457629,730660.2996300365,729516.8301378996
101,0.999,0.9998,1082.85670562808,728018.5224625973,729723.3876019288,728870.9550322631
102,0.9995,0.9991,1082.85670562808,727299.3154146766,729296.8981045948,728298.1067596357
103,0.9997,0.9997,1082.85670562808,726434.3890257562,728432.5711703177,727433.4800980369
104,0.9998,0.9994,1082.85670562808,725496.6316464574,727786.3862964675,726641.5089714625
105,0.9996,0.999,1082.85670562808,724703.6564033906,727430.9605513908,726067.3084773907
106,0.9992,0.9993,1082.85670562808,724200.159825623,726856.9036783376,725528.5317519803
107,0.9996,0.9996,1082.85670562808,723406.6657863094,726064.4727618141,724735.5692740618
108,0.9991,0.9994,1093.6852726843608,722974.4861181877,725416.8661758916,724195.6761470396
109,0.9993,0.999,1093.6852726843608,722386.4713754662,725048.2291323396,723717.3502539028
110,0.9993,0.9994,1093.6852726843608,721798.0447340958,724389.177366075,723093.6110500854
111,0.9994,0.9992,1093.6852726843608,721137.0416864234,723874.5917668041,722505.8167266138
112,0.9992,0.9991,1093.6852726843608,720619.8522955755,723431.9952898807,722025.9237927281
113,0.9997,0.9995,1093.6852726843608,719742.0896497861,722699.6598471198,721220.874748453
114,0.9996,0.9992,1093.6852726843608,718935.9787686092,722183.7215516769,720559.8501601431
115,0.9995,0.9994,1093.6852726843608,718201.3941930213,721522.950049022,719862.1721210217
116,0.999,0.9994,1093.6852726843608,717825.5344547918,720861.7818454449,719343.6581501183
117,0.9998,0.9994,1093.6852726843608,716875.2242269529,720200.2167027823,718537.7204648675
118,0.9992,0.9999,1093.6852726843608,716354.6226523905,719178.4492750255,717766.5359637081
119,0.9993,0.9999,1093.6852726843608,715761.9707592377,718156.5796603073,716959.2752097724
120,0.999,0.9999,1104.6221254112045,715383.6691557091,717134.6078484078,716259.1385020585
121,0.9992,0.9992,1104.6221254112045,714850.9277725159,716603.2683376668,715727.0980550913
122,0.9993,0.9999,1104.6221254112045,714246.278041734,715570.2032325788,714908.2406371564
123,0.9992,0.9992,1104.6221254112045,713712.6260171366,715037.6111961246,714375.1186066306
124,0.9997,0.999,1104.6221254112045,712821.8504468595,714647.6367074208,713734.7435771402
125,0.9998,0.9994,1104.6221254112045,711859.6002414966,713971.397420462,712915.4988309792
126,0.999,0.9993,1104.6221254112045,711466.4445606461,713366.1315871618,712416.2880739039
127,0.9999,0.9994,1104.6221254112045,710432.8657218071,712689.122935512,711560.9943286595
128,0.9992,0.9992,1104.6221254112045,709896.1605248158,712154.2241894524,711025.1923571341
129,0.9993,0.9994,1104.6221254112045,709288.0400274239,711476.4879568153,710382.2639921196
130,0.9995,0.9998,1104.6221254112045,708537.6867453854,710513.9686251291,709525.8276852572
131,0.9992,0.9995,1104.6221254112045,707999.4641913273,709764.2286140249,708881.8464026761
132,0.9999,0.9996,1115.6683466653164,706965.5386197781,708943.1837621186,707954.3611909484
133,0.9991,0.9997,1115.6683466653164,706485.7074097816,708039.9273936714,707262.8174017265
134,0.9996,0.9993,1115.6683466653164,705652.2999831095,707419.4526638708,706535.8763234902
135,0.9998,0.9994,1115.6683466653164,704677.567149874,706727.8210098114,705702.6940798427
136,0.9992,0.9992,1115.6683466653164,704125.1989623787,706177.0943386169,705151.1466504978
137,0.9996,0.9994,1115.6683466653164,703290.8469544951,705484.7168220448,704387.7818882699
138,0.9993,0.9996,1115.6683466653164,702667.0455397075,704650.908838915,703658.9771893113
139,0.9994,0.9997,1115.6683466653164,701972.5607294799,703746.3644015702,702859.462565525
140,0.9997,0.9992,1115.6683466653164,701067.2125465785,703193.2506554292,702130.2316010038
141,0.9995,0.9991,1115.6683466653164,700301.6950474369,702710.021327959,701505.858187698
142,0.9993,0.9991,1115.6683466653164,699675.7997606039,702226.3567023257,700951.0782314648
143,0.9996,0.9994,1115.6683466653164,698839.6672808509,701531.6073200525,700185.6373004518
144,0.9993,0.999,1126.8250301319697,698212.747857686,701117.0560294165,699664.9019435513
145,0.9997,0.9994,1126.8250301319697,697295.1113609623,700410.4772856559,698852.7943233091
146,0.9996,0.9991,1126.8250301319697,696446.865076861,699913.5744725493,698180.2197747051
147,0.999,0.9993,1126.8250301319697,696016.0561028318,699276.242812386,697646.1494576089
148,0.9995,0.9999,1126.8250301319697,695236.8494974485,698219.2397062246,696728.0446018366
149,0.999,0.9993,1126.8250301319697,694804.8292966132,697580.7211809193,696192.7752387663
150,0.9995,0.9999,1126.8250301319697,694025.0167748687,696523.5485056379,695274.2826402533
151,0.9996,0.9997,1126.8250301319697,693175.4619295085,695605.405097035,694390.4335132717
152,0.9991,0.9995,1126.8250301319697,692672.0417369398,694825.9930634347,693749.0174001872
153,0.999,0.9996,1126.8250301319697,692237.4541609688,693976.7587367975,693107.1064488832
154,0.9998,0.9994,1126.8250301319697,691248.8789066181,693265.8932426111,692257.3860746146
155,0.9994,0.9992,1126.8250301319697,690536.3757019073,692693.2227907117,691614.7992463096
156,0.9992,0.9993,1138.0932804332895,689961.5198876855,692050.8333439205,691006.176615803
157,0.9991,0.9996,1138.0932804332895,689443.9261407789,691189.215749787,690316.5709452829
158,0.9992,0.9991,1138.0932804332895,688856.9183950616,690672.7279244858,689764.8231597737
159,0.9992,0.9995,1138.0932804332895,688269.4406671621,689879.574431268,689074.5075492151
160,0.9997,0.9994,1138.0932804332895,687337.5486513241,689154.974135316,688246.26139332
161,0.999,0.9996,1138.0932804332895,686886.3417126033,688292.1977339762,687589.2697232898
162,0.9995,0.999,1138.0932804332895,686091.2940792096,687841.9463999427,686966.6202395761
163,0.9999,0.9993,1138.0932804332895,685021.7029690731,687184.8825372856,686103.2927531793
164,0.9991,0.9993,1138.0932804332895,684499.6593820837,686527.3584077377,685513.5088949107
165,0.9996,0.9996,1138.0932804332895,683635.0201096942,685663.5305395201,684649.2753246072
166,0.9997,0.9992,1138.0932804332895,682701.737350466,685073.4960559316,683887.6167031988
167,0.9994,0.9997,1138.0932804332895,681972.8277666927,684140.6449689888,683056.7363678408
168,0.9994,0.9996,1149.4742132376223,681243.4805746042,683275.8620333688,682259.6713039866
169,0.999,0.9993,1149.4742132376223,680774.7811425091,682604.2107676686,681689.4959550889
170,0.9997,0.9994,1149.4742132376223,679829.2557059833,681863.8548673514,680846.5552866673
171,0.9991,0.999,1149.4742132376223,679291.1435219153,681395.7764305442,680343.4599762298
172,0.9993,0.9991,1149.4742132376223,678616.7009993773,680859.0753851532,679737.8881922653
173,0.9994,0.9992,1149.4742132376223,677873.9511568338,680253.8042152878,679063.8776860607
174,0.9997,0.9993,1149.4742132376223,676927.5552101592,679580.0360272692,678253.7956187142
175,0.9995,0.9994,1149.4742132376223,676116.1390664547,678837.8645327513,677477.001799603
176,0.9999,0.9998,1149.4742132376223,675034.168270044,677823.9551105357,676429.0616902899
177,0.9995,0.9997,1149.4742132376223,674221.804959286,676877.5441605463,675549.6745599161
178,0.9991,0.999,1149.4742132376223,673678.6415234194,676404.4744217304,675041.5579725748
179,0.999,0.9993,1149.4742132376223,673202.3696798616,675728.0098153636,674465.1897476126
180,0.9994,0.9999,1160.9689553699984,672456.3692881969,674646.0002021461,673551.1847451716
181,0.9999,0.9996,1160.9689553699984,671362.5365864856,673754.53306,672558.5348232428
182,0.9999,0.999,1160.9689553699984,670268.5944905647,673266.8309355656,671767.7127130651
183,0.999,0.9992,1160.9689553699984,669777.4029381328,672643.9771619252,671210.690050029
184,0.9998,0.9991,1160.9689553699984,668750.1840195666,672087.8873051298,670419.0356623481
185,0.999,0.9998,1160.9689553699984,668257.4725367334,671061.1305758749,669659.3015563041
186,0.9994,0.9994,1160.9689553699984,667497.0017824329,670302.3430263208,668899.6724043768
187,0.9993,0.9992,1160.9689553699984,666802.7947834113,669677.1157635617,668239.9552734864
188,0.9995,0.999,1160.9689553699984,665974.8132346586,669185.332140332,667580.0726874953
189,0.9992,0.9996,1160.9689553699984,665346.1211762296,668291.6798569047,666818.900516567
190,0.9996,0.9999,1160.9689553699984,664450.9325938971,667197.4306445991,665824.1816192481
191,0.999,0.9995,1160.9689553699984,663953.9175560832,666369.6465124853,665161.7820342842
192,0.9999,0.9993,1172.5786449236984,662859.2345241656,665674.6498119837,664266.9421680747
193,0.999,0.9991,1172.5786449236984,662349.004884126,665100.6617626463,663724.8333233861
194,0.999,0.9997,1172.5786449236984,661838.264503706,664127.3213141167,662982.7929089114
195,0.9994,0.9998,1172.5786449236984,661062.3232527339,663087.3601412212,662074.8416969776
196,0.9992,0.999,1172.5786449236984,660418.079071067,662577.3588551526,661497.7189631099
197,0.9991,0.9998,1172.5786449236984,659839.355846405,661537.0876277544,660688.2217370798
198,0.999,0.999,1172.5786449236984,659326.103304786,661025.534517348,660175.818911067
199,0.9994,0.9996,1172.5786449236984,658548.6538521736,660117.0026734937,659332.8282628336
200,0.9996,0.9993,1172.5786449236984,657639.1308595936,659406.0082343341,658522.5695469638
201,0.9997,0.9991,1172.5786449236984,656663.5512800539,658826.3733254032,657744.9623027286
202,0.9993,0.9993,1172.5786449236984,655950.1377315422,658114.4748128485,657032.3062721954
203,0.9999,0.9992,1172.5786449236984,654843.0433909575,657467.8704642962,656155.4569276269
204,0.9991,0.9997,1184.3044313729354,654259.2981143367,656492.2394912197,655375.7688027782
205,0.9996,0.9999,1184.3044313729354,653336.3282142495,655373.4724070876,654354.9003106685
206,0.9999,0.9992,1184.3044313729354,652217.2455074273,654712.9383263758,653465.0919169015
207,0.9994,0.9993,1184.3044313729354,651423.7953532663,653986.4243920774,652705.1098726718
208,0.9996,0.9992,1184.3044313729354,650499.6907982127,653324.7797845321,651912.2352913724
209,0.9999,0.9996,1184.3044313729354,649380.3243992797,652401.4359275302,650890.8801634049
210,0.9998,0.9994,1184.3044313729354,648325.6851049277,651608.0963539697,649966.8907294488
211,0.9998,0.9992,1184.3044313729354,647270.834840523,650944.5475606453,649107.6912005842
212,0.9998,0.9992,1184.3044313729354,646215.7735638628,650280.467503275,648248.1205335689
213,0.9993,0.9994,1184.3044313729354,645483.3074477033,649485.8545846529,647484.5810161781
214,0.9993,0.9993,1184.3044313729354,644750.3282461027,648755.6791286701,646753.0036873864
215,0.9997,0.9994,1184.3044313729354,643759.1515601978,647960.1507877699,645859.6511739839
216,0.9998,0.9999,1196.1474756866646,642703.3878063862,646840.530409438,644771.9591079121
217,0.9999,0.9997,1196.1474756866646,641571.3974704467,645838.1343740636,643704.7659222551
218,0.9993,0.9995,1196.1474756866646,640823.8266734314,644964.4691329434,642894.1479031874
219,0.9994,0.999,1196.1474756866646,640011.6862094705,644412.7343916484,642212.2103005594
220,0.9991,0.9995,1196.1474756866646,639390.9906253467,643538.3560940088,641464.6733596777
221,0.9991,0.9998,1196.1474756866646,638769.7359119809,642470.7027588739,640620.2193354274
222,0.9992,0.9994,1196.1474756866646,638084.0556808389,641659.5510137957,639871.8033473173
223,0.9992,0.9995,1196.1474756866646,637397.8264663253,640783.7954358269,639090.8109510761
224,0.9998,0.9993,1196.1474756866646,636328.9447795945,640035.6729311921,638182.3088553933
225,0.9994,0.999,1196.1474756866646,635514.1057673683,639479.0044599654,637496.5551136669
226,0.9995,0.999,1196.1474756866646,634635.2759296465,638921.7787630418,636778.5273463442
227,0.9993,0.9997,1196.1474756866646,633882.8464464723,637917.0063892719,635899.9264178721
228,0.9994,0.9991,1208.1089504435313,633066.5388941222,637294.4238950909,635180.4813946066
229,0.9996,0.9994,1208.1089504435313,632111.27445346,636468.1958621647,634289.7351578124
230,0.9991,0.9998,1208.1089504435313,631471.489843876,635387.16434459,633429.327094233
231,0.9995,0.9991,1208.1089504435313,630578.6702285466,634750.330691769,632664.5004601579
232,0.9996,0.9996,1208.1089504435313,629622.4102421999,633795.7400373403,631709.07513977
233,0.9995,0.9999,1208.1089504435313,628728.6656245686,632650.8961765144,630689.7809005415
234,0.9993,0.9992,1208.1089504435313,627960.12876426,631948.3459027931,629954.2373335266
235,0.999,0.9994,1208.1089504435313,627379.3992130294,631118.9082973279,629249.1537551787
236,0.9995,0.9997,1208.1089504435313,626484.5325288502,630099.8292956731,628292.1809122616
237,0.9993,0.9999,1208.1089504435313,625714.4236749792,628954.6158068102,627334.5197408947
238,0.9996,0.9997,1208.1089504435313,624756.2172114202,627934.8873225634,626345.5522669918
239,0.9996,0.9997,1208.1089504435313,623797.6273119013,626914.8528279682,625356.2400699347
240,0.9994,0.9998,1220.1900399479666,622963.2963392613,625831.9102595765,624397.6032994189
241,0.9999,0.9993,1220.1900399479666,621805.2868279961,625049.2546979171,623427.2707629567
242,0.999,0.9998,1220.1900399479666,621206.3030911393,623953.8554290549,622580.0792600971
243,0.999,0.9994,1220.1900399479666,620606.7197709623,623107.5299070512,621857.1248390067
244,0.9995,0.9993,1220.1900399479666,619696.3779199743,622322.9659432636,621009.6719316189
245,0.9995,0.9992,1220.1900399479666,618785.5806703614,621600.0559480741,620192.8183092177
246,0.9996,0.9993,1220.1900399479666,617812.5156366681,620814.4360133355,619313.4758250017
247,0.9992,0.9991,1220.1900399479666,617085.9943922339,620152.3831181938,618619.1887552139
248,0.9994,0.9997,1220.1900399479666,616235.5456796938,619117.9284567828,617676.7370682383
249,0.9996,0.9999,1220.1900399479666,615261.4602238353,617959.5343702718,616610.4972970536
250,0.999,0.9997,1220.1900399479666,614655.9261099973,616924.4216568209,615790.1738834091
251,0.9994,0.9999,1220.1900399479666,613804.018481138,615765.8081976927,614784.9133394153
252,0.9998,0.9994,1232.3919403474463,612706.3697151331,614914.5668978835,613810.4683065084
253,0.9991,0.9994,1232.3919403474463,612024.800094871,614050.6053207285,613037.7027077997
254,0.9992,0.999,1232.3919403474463,611281.4333011644,613431.6450254064,612356.5391632854
255,0.9992,0.9994,1232.3919403474463,610537.4713378872,612566.7931609555,611552.1322494214
256,0.999,0.9991,1232.3919403474463,609914.9943919317,611885.0978086358,610900.0461002837
257,0.9991,0.9999,1232.3919403474463,609230.9102708279,610713.7772460129,609972.3437584204
258,0.9996,0.9998,1232.3919403474463,608241.815056503,609603.3059668588,608922.5605116809
259,0.9991,0.9992,1232.3919403474463,607556.2237175013,608858.0004268527,608207.112072177
260,0.9995,0.9996,1232.3919403474463,606627.1453498286,607868.7559889008,607247.9506693648
261,0.9997,0.9997,1232.3919403474463,605576.4263373823,606818.4095714247,606197.4179544034
262,0.9993,0.9993,1232.3919403474463,604767.3715571248,606010.2247884291,605388.7981727769
263,0.9997,0.9995,1232.3919403474463,603716.0944451108,605080.3730345989,604398.2337398548
264,0.9994,0.9999,1244.7158597509208,602845.4097506136,603908.3719314445,603376.8908410291
265,0.9999,0.9996,1244.7158597509208,601660.8599768605,602904.8179988932,602282.8389878769
266,0.9993,0.9994,1244.7158597509208,600836.7298279892,602021.3149280993,601429.0223780442
267,0.9996,0.9997,1244.7158597509208,599831.9467469371,600956.8861341886,600394.4164405628
268,0.9992,0.9994,1244.7158597509208,599066.4840744458,600072.2136025993,599569.3488385226
269,0.9991,0.9995,1244.7158597509208,598360.2924779251,599127.0612734852,598743.6768757051
270,0.9997,0.9998,1244.7158597509208,597294.7650476885,598001.9458028949,597648.3554252917
271,0.9999,0.999,1244.7158597509208,596109.660153953,597354.5845276717,596732.1223408123
272,0.9992,0.9991,1244.7158597509208,595341.2172680165,596646.8508336712,595994.0340508439
273,0.9996,0.9998,1244.7158597509208,594334.2351023066,595521.2392217646,594927.7371620357
274,0.999,0.9991,1244.7158597509208,593683.2024450008,594811.8540306414,594247.5282378211
275,0.9997,0.9999,1244.7158597509208,592616.2714666899,593626.5008209726,593121.3861438313
276,0.9991,0.9994,1257.1630183484301,591904.2694494436,592737.4274176724,592320.8484335579
277,0.9992,0.9992,1257.1630183484301,591120.0024330416,591953.827461293,591536.9149471673
278,0.9996,0.9992,1257.1630183484301,590098.8789662797,591169.600123043,590634.2395446614
279,0.9991,0.9998,1257.1630183484301,589372.1508837267,590030.4431933333,589701.29703853
280,0.9998,0.9994,1257.1630183484301,588232.6343922567,589126.7562287222,588679.6953104895
281,0.9995,0.9999,1257.1630183484301,587269.1059268718,587928.3860489787,587598.7459879252
282,0.9992,0.9992,1257.1630183484301,586481.127810772,587140.9357792537,586811.0317950129
283,0.9995,0.9995,1257.1630183484301,585516.7231540006,586176.861191501,585846.7921727508
284,0.999,0.9991,1257.1630183484301,584844.4045401923,585446.6001132546,585145.5023267234
285,0.9991,0.9992,1257.1630183484301,584112.9431706975,584657.1628251664,584385.052997932
286,0.9997,0.9997,1257.1630183484301,583030.6893591569,583575.0723285165,583302.8808438367
287,0.9996,0.9992,1257.1630183484301,582006.3288723574,582784.1366194637,582395.2327459105
288,0.9997,0.9991,1269.7346485319144,580923.442886875,582050.8193385199,581487.1311126975
289,0.9997,0.9997,1269.7346485319144,579827.6565353037,580955.3713013785,580391.5139183411
290,0.9996,0.9992,1269.7346485319144,578789.4376618365,580149.756458013,579469.5970599247
291,0.9991,0.999,1269.7346485319144,578039.9389583672,579459.4812907719,578749.7101245695
292,0.9995,0.9995,1269.7346485319144,577058.7336766736,578478.9861353076,577768.8599059905
293,0.9998,0.999,1269.7346485319144,575904.1798641145,577787.038525301,576845.6091947078
294,0.9992,0.9997,1269.7346485319144,575094.5208322484,576690.3109700602,575892.4159011543
295,0.9999,0.9994,1269.7346485319144,573882.1744011566,575766.0359430942,574824.1051721254
296,0.9997,0.9995,1269.7346485319144,572784.2750351352,574783.6931411328,573783.984088134
297,0.999,0.999,1269.7346485319144,572086.627013617,574088.04653914,573087.3367763786
298,0.9994,0.9991,1269.7346485319144,571159.5881179558,573334.3127721031,572246.9504450294
299,0.9994,0.9994,1269.7346485319144,570231.992665023,572408.0229373337,571320.0078011784
300,0.9996,0.9993,1282.4319950172337,569189.9339900871,571538.3651444028,570364.149567245
301,0.9993,0.9993,1282.4319950172337,568305.3157160712,570655.3919237322,569480.3538199017
302,0.999,0.9991,1282.4319950172337,567590.4741952491,569885.8572001952,568738.1656977222
303,0.9999,0.9996,1282.4319950172337,566364.6786680988,568830.9575882133,567597.818128156
304,0.9992,0.9995,1282.4319950172337,565534.6744126116,567832.441814103,566683.5581133573
305,0.9996,0.9995,1282.4319950172337,564478.0336310468,566833.426532352,565655.7300816993
306,0.9996,0.9994,1282.4319950172337,563420.9700240392,565890.5288546475,564655.7494393433
307,0.9995,0.9994,1282.4319950172337,562419.7479029734,564947.0650986895,563683.4065008315
308,0.9997,0.9994,1282.4319950172337,561305.7076202423,564003.034924627,562654.3712724347
309,0.9999,0.9995,1282.4319950172337,560079.2835535804,563002.1039816006,561540.6937675904
310,0.999,0.9991,1282.4319950172337,559356.2077663295,562225.6750941682,560790.9414302488
311,0.9994,0.999,1282.4319950172337,558408.8210639507,561504.7478469979,559956.7844554742
312,0.9998,0.9993,1295.256314967406,557237.8366362607,560614.7461743028,558926.2914052818
313,0.9999,0.9998,1295.256314967406,555998.1801393073,559431.3761345623,557714.7781369349
314,0.9997,0.9996,1295.256314967406,554869.3846397317,558359.4636050368,556614.4241223843
315,0.999,0.9999,1295.256314967406,554128.2565813457,557119.9192819976,555624.0879316716
316,0.9993,0.9994,1295.256314967406,553220.2544444895,556158.3579818193,554689.3062131545
317,0.9994,0.9992,1295.256314967406,552256.3519406865,555307.3475448878,553781.8497427872
318,0.9995,0.9997,1295.256314967406,551236.7139827104,554178.3447333404,552707.5293580254
319,0.9996,0.9994,1295.256314967406,550161.5222766536,553215.0174288304,551688.269852742
320,0.9999,0.999,1295.256314967406,548921.1580774939,552472.2333472102,550696.695712352
321,0.9997,0.9991,1295.256314967406,547790.2388341767,551673.4831670932,549731.861000635
322,0.9996,0.9995,1295.256314967406,546713.6679864038,550653.5536289403,548683.610807672
323,0.9991,0.9991,1295.256314967406,545909.7304288223,549853.1651626192,547881.4477957208
324,0.9998,0.9991,1308.20887811708,544723.4187976144,549052.0556977798,546887.7372476971
325,0.9992,0.9991,1308.20887811708,543850.2901516187,548237.2603539813,546043.7752528
326,0.9992,0.9993,1308.20887811708,542976.4624434564,547312.1699948607,545144.3162191585
327,0.9998,0.9998,1308.20887811708,541776.6088871168,546113.1837534943,543944.8963203055
328,0.9995,0.9995,1308.20887811708,540738.7693936966,545077.5136321933,542908.141512945
329,0.9998,0.9998,1308.20887811708,539538.4682092214,543878.0803701503,541708.2742896858
330,0.9995,0.9992,1308.20887811708,538499.5090856472,543004.2749119628,540751.891998805
331,0.9991,0.9991,1308.20887811708,537675.2078946353,542184.0316623419,539929.6197784885
332,0.9991,0.9998,1308.20887811708,536850.1641642661,540984.0195881425,538917.0918762044
333,0.999,0.9994,1308.20887811708,536078.0333194685,539999.8105963833,538038.9219579259
334,0.9995,0.9999,1308.20887811708,535037.3431129078,538745.4762658929,536891.4096894003
335,0.9992,0.9991,1308.20887811708,534156.4594023126,537921.3966447561,536038.9280235344
336,0.9995,0.9993,1321.2909668982509,533114.8079281597,536989.080122725,535051.9440254424
337,0.9995,0.9996,1321.2909668982509,532059.5467346288,535882.1420126319,533970.8443736304
338,0.9995,0.9997,1321.2909668982509,531003.7576465539,534721.2674259614,532862.5125362577
339,0.9993,0.9998,1321.2909668982509,530053.5041325485,533506.6777946221,531780.0909635853
340,0.9998,0.9997,1321.2909668982509,528837.9807618026,532345.0903548304,530591.5355583165
341,0.9999,0.999,1321.2909668982509,527569.4467395784,531555.3547426749,529562.4007411266
342,0.9998,0.9999,1321.2909668982509,526353.4264579718,530287.0924850252,528320.2594714984
343,0.9999,0.9994,1321.2909668982509,525084.6439554691,529283.3715410517,527184.0077482604
344,0.9998,0.9996,1321.2909668982509,523868.1266138937,528173.3499141191,526020.7382640064
345,0.9991,0.9993,1321.2909668982509,523017.55144329445,527221.1137268298,525119.3325850621
346,0.999,0.9993,1321.2909668982509,522218.4789553515,526268.2105072867,524243.3447313191
347,0.9996,0.9993,1321.2909668982509,521105.63024054945,525314.6397882403,523210.1350143949
348,0.9994,0.9994,1334.5038765672334,520096.39711191837,524307.933581491,522202.16534670466
349,0.999,0.999,1334.5038765672334,519281.1744097609,523496.92663155537,521389.05052065814
350,0.9992,0.999,1334.5038765672334,518361.3596208904,522685.107862851,520523.23374187073
351,0.9992,0.9996,1334.5038765672334,517440.808391036,521559.2276773547,519500.01803419535
352,0.9993,0.9992,1334.5038765672334,516467.83199686656,520641.2367902197,518554.53439354314
353,0.9992,0.9991,1334.5038765672334,515545.764732085,519774.529990644,517660.1473613645
354,0.9997,0.9997,1334.5038765672334,514365.5705266757,518595.6047955154,516480.58766109555
355,0.9999,0.9996,1334.5038765672334,513082.3748875972,517468.08815420984,515275.23152090353
356,0.9996,0.999,1334.5038765672334,511952.6520718587,516650.23451215477,514301.44329200673
357,0.9993,0.9996,1334.5038765672334,510975.8312771855,515521.93941135204,513248.88534426875
358,0.9997,0.9996,1334.5038765672334,509794.26568032237,514393.19281190954,512093.72924611595
359,0.9993,0.9993,1334.5038765672334,508815.93295682495,513418.081592457,511117.00727464096
360,0.9994,0.9999,1347.8489153329058,507786.1007407022,512134.79119500925,509960.44596785575
361,0.9991,0.9996,1347.8489153329058,506894.45683652215,510991.33881520235,508942.8978258623
362,0.999,0.9993,1347.8489153329058,506052.660581771,510000.49024303956,508026.5754124053
363,0.9993,0.9997,1347.8489153329058,505058.35251319734,508805.2829125804,506931.8177128889
364,0.9991,0.9999,1347.8489153329058,504164.2514241462,507508.18481572904,505836.2181199376
365,0.999,0.999,1347.8489153329058,503319.7222310443,506667.0029032994,504993.36256717186
366,0.9993,0.9993,1347.8489153329058,502323.4997655473,505673.1251755894,503998.31247056834
367,0.9995,0.9997,1347.8489153329058,501226.2639822054,504476.6192460303,502851.4416141178
368,0.9994,0.9997,1347.8489153329058,500178.52218018065,503279.75425697444,501729.13821857754
369,0.9995,0.9999,1347.8489153329058,499080.21337153343,501982.1035519967,500531.15846176504
370,0.9996,0.9994,1347.8489153329058,497931.5370710289,500934.8155259794,499433.1762985041
371,0.999,0.9993,1347.8489153329058,497080.7689246206,499936.92245636595,498508.84569049324
372,0.999,0.9998,1361.3274044862349,496229.1491584461,498688.8113032937,497458.9802308699
373,0.9996,0.999,1361.3274044862349,495065.8480931971,497825.30920801545,496445.5786506063
374,0.9996,0.9994,1361.3274044862349,493902.08152131934,496762.03902694536,495332.06027413235
375,0.9994,0.9992,1361.3274044862349,492836.45599042735,495797.3495020608,494316.9027462441
376,0.999,0.9997,1361.3274044862349,491967.09568162274,494584.39741679956,493275.74654921115
377,0.9992,0.9994,1361.3274044862349,490998.5671308412,493519.18152122607,492258.87432603363
378,0.9995,0.9998,1361.3274044862349,489882.1808167633,492256.3053778154,491069.24309728935
379,0.999,0.9991,1361.3274044862349,489009.86327555263,491337.1814366221,490173.52235608734
380,0.9993,0.9994,1361.3274044862349,487990.12896133936,490270.0160417609,489130.07250155014
381,0.9998,0.9999,1361.3274044862349,486726.14678621036,488957.5843957142,487841.8655909623
382,0.9993,0.9999,1361.3274044862349,485704.8127506496,487645.0214933773,486674.9171220134
383,0.9994,0.9993,1361.3274044862349,484634.2659057068,486624.33112067555,485629.29851319117
384,0.9992,0.9995,1374.9406785310973,483659.86639433604,485505.75659448653,484582.8114944113
385,0.9993,0.9992,1374.9406785310973,482622.76164895925,484518.43066048383,483570.59615472157
386,0.9992,0.9994,1374.9406785310973,481633.12747240614,483433.55011202,482533.33879221306
387,0.9998,0.9997,1374.9406785310973,480354.25764540414,482203.2704146133,481278.7640300087
388,0.9993,0.9998,1374.9406785310973,479314.8373530202,480924.51463901,480119.6759960151
389,0.9991,0.9997,1374.9406785310973,478370.4300615445,479693.48200508044,479031.9560333125
390,0.999,0.9997,1374.9406785310973,477472.9623453588,478462.0799505345,477967.52114794665
391,0.9994,0.9991,1374.9406785310973,476383.8519780146,477516.9044860409,476950.37823202775
392,0.9991,0.9999,1374.9406785310973,475436.80442346464,476189.5827657864,475813.1935946255
393,0.9993,0.9997,1374.9406785310973,474393.9395025854,474957.1292260231,474675.5343643043
394,0.9992,0.9994,1374.9406785310973,473397.71699765243,473866.5084525636,473632.11272510805
395,0.9994,0.9995,1374.9406785310973,472306.1600151305,472727.9317399025,472517.0458775165
396,0.999,0.9992,1388.6900853164084,471402.621958558,471730.3753616607,471566.49866010936
397,0.9995,0.9992,1388.6900853164084,470249.05640144227,470718.2598842517,470483.658142847
398,0.9995,0.9991,1388.6900853164084,469094.91377301235,469752.3469111553,469423.63034208387
399,0.9994,0.999,1388.6900853164084,467987.01589723426,468832.48931515403,468409.7526061941
400,0.9997,0.9992,1388.6900853164084,466738.34731611266,467818.05367277586,467278.20049444423
401,0.9993,0.9994,1388.6900853164084,465675.63017191656,466709.38922099205,466192.5096964543
402,0.9997,0.9994,1388.6900853164084,464426.26796699024,465600.0591711783,465013.16356908425
403,0.9996,0.9998,1388.6900853164084,463222.86702848517,464304.22993184824,463763.5484801667
404,0.9999,0.9991,1388.6900853164084,461880.3649796667,463332.5391317504,462606.45205570856
405,0.9999,0.9993,1388.6900853164084,460537.728667217,462267.4362518103,461402.5824595137
406,0.9998,0.9994,1388.6900853164084,459240.8867592524,461155.43943015195,460198.1630947022
407,0.9994,0.9997,1388.6900853164084,458127.0729176866,459904.7207610638,459015.8968393752
408,0.9992,0.9998,1402.5769861695726,457104.06608523836,458607.7522261926,457855.9091557155
409,0.9995,0.999,1402.5769861695726,455929.45382598176,457662.83807810117,456796.1459520415
410,0.9992,0.999,1402.5769861695726,454890.7894713893,456716.9780700016,455803.8837706954
411,0.9991,0.9995,1402.5769861695726,453896.71953279927,455542.172169917,454719.4458513581
412,0.9999,0.9997,1402.5769861695726,452539.39648627833,454275.8779471315,453407.6372167049
413,0.9994,0.9995,1402.5769861695726,451407.6640985679,453099.85088640515,452253.7574924865
414,0.9999,0.9997,1402.5769861695726,450050.09212161053,451832.8237473598,450941.45793448517
415,0.9999,0.9995,1402.5769861695726,448692.38437387836,450655.57454846444,449673.97946117143
416,0.999,0.9998,1402.5769861695726,447737.54493264144,449342.86613552197,448540.2055340817
417,0.9996,0.9992,1402.5769861695726,446513.57337582216,448298.928291986,447406.2508339041
418,0.9998,0.9998,1402.5769861695726,445200.036396932,446985.7484555075,446092.89242621977
419,0.9998,0.9997,1402.5769861695726,443886.23665809404,445716.88653529854,444801.56159669627
420,0.9996,0.9995,1416.6027560312684,442660.72396150907,444536.577838048,443598.6508997785
421,0.9994,0.9991,1416.6027560312684,441509.02662145067,443519.14231009583,442514.08446577325
422,0.9999,0.9997,1416.6027560312684,440136.4375091703,442235.2101170997,441185.82381313504
423,0.9994,0.9999,1416.6027560312684,438983.22468795185,440862.6936304315,439922.9591591917
424,0.9998,0.9998,1416.6027560312684,437654.1527624731,439533.997673935,438594.07521820406
425,0.9998,0.999,1416.6027560312684,436324.8149694357,438555.9508687725,437440.3829191041
426,0.9992,0.9998,1416.6027560312684,435256.41734728223,437226.79347143555,436241.60540935886
427,0.999,0.9994,1416.6027560312684,434274.0886799309,436071.83381569374,435172.9612478123
428,0.9992,0.9998,1416.6027560312684,433204.04916323023,434742.1794955616,433973.11432939593
429,0.9991,0.9999,1416.6027560312684,432176.40517185366,433368.9136308934,432772.65940137353
430,0.9995,0.9994,1416.6027560312684,430975.2900608528,432211.6378575767,431593.46395921474
431,0.9992,0.999,1416.6027560312684,429902.60939233546,431226.26136290835,430564.4353776219
432,0.9998,0.999,1430.768783591581,428571.7209805003,430239.8985053825,429405.8097429414
433,0.9998,0.9994,1430.768783591581,427226.397476404,429066.56966358906,428146.48356999655
434,0.9991,0.9998,1430.768783591581,426179.1899637798,427721.3451490273,426950.26755640353
435,0.9994,0.9999,1430.768783591581,425003.42323412874,426333.2096864044,425668.3164602666
436,0.9999,0.9996,1430.768783591581,423615.01595213235,425072.4698907691,424343.74292145076
437,0.999,0.9996,1430.768783591581,422606.8540225633,423811.22559741646,423209.03980998986
438,0.9999,0.9994,1430.768783591581,421218.2070596777,422634.0372361666,421926.1221479222
439,0.9991,0.9997,1430.768783591581,420165.5873046603,421329.6673527808,420747.6273287205
440,0.999,0.9995,1430.768783591581,419153.97249356227,420108.9530457121,419631.4627696372
441,0.9993,0.9995,1430.768783591581,418015.81478031696,418887.6280761586,418451.72142823774
442,0.9995,0.9997,1430.768783591581,416793.4427180844,417582.13393274683,417187.7883254156
443,0.9996,0.9999,1430.768783591581,415528.88548868825,416192.9844476,415860.93496814417
444,0.9995,0.9991,1445.076471427497,414305.2693397665,415135.83791813476,414720.5536289506
445,0.9998,0.9997,1445.076471427497,412942.7814246239,413814.90591848275,413378.8436715533
446,0.9996,0.9992,1445.076471427497,411662.36990115687,412699.98943860614,412181.1796698815
447,0.999,0.9994,1445.076471427497,410627.9213510804,411501.814055612,411064.8677033462
448,0.9992,0.999,1445.076471427497,409510.4532422467,410467.2047889735,409988.8290156101
449,0.9995,0.9998,1445.076471427497,408269.5115265825,409103.9491073674,408686.7303169749
450,0.9996,0.9993,1445.076471427497,406987.2299471338,407944.43373955763,407465.8318433457
451,0.9992,0.9991,1445.076471427497,405866.8469532689,406865.5362507558,406366.1916020124
452,0.9996,0.9993,1445.076471427497,404583.60392341076,405704.4528963557,405144.02840988326
453,0.9999,0.9997,1445.076471427497,403178.8453365169,404380.6906321178,403779.7679843174
454,0.9999,0.999,1445.076471427497,401773.94625971536,403338.9531138041,402556.44968675973
455,0.9994,0.9995,1445.076471427497,400569.2113150769,402094.9241044288,401332.0677097528
456,0.9999,0.9992,1459.527236141772,399164.0512487743,400970.62413230713,400067.3376905407
457,0.999,0.9994,1459.527236141772,398102.62663927174,399750.94746464415,398926.7870519579
458,0.9995,0.9999,1459.527236141772,396841.5201632115,398331.25335383776,397586.38675852463
459,0.9993,0.9995,1459.527236141772,395658.9541950062,397070.2612483201,396364.6077216632
460,0.999,0.9998,1459.527236141772,394594.02097984427,395689.8719865756,395141.94648320996
461,0.9994,0.9995,1459.527236141772,393370.5160533345,394427.55852969864,393899.03729151655
462,0.999,0.9995,1459.527236141772,392303.292109302,393164.613600357,392733.9528548295
463,0.9998,0.9994,1459.527236141772,390921.9492630128,391940.250514524,391431.0998887684
464,0.9997,0.9992,1459.527236141772,389579.2958156157,390793.35796475405,390186.3268901849
465,0.9996,0.9994,1459.527236141772,388275.07861091825,389567.5712713751,388921.32494114665
466,0.9991,0.9995,1459.527236141772,387163.99897385295,388302.1951327997,387733.0970533263
467,0.9996,0.9992,1459.527236141772,385858.8152638167,387152.3898085047,386505.60253616073
468,0.999,0.9995,1474.1225085031897,384784.07209977467,385885.80547510047,385334.93878743757
469,0.9995,0.9993,1474.1225085031897,383501.7004414922,384680.9596383441,384091.3300399182
470,0.9998,0.999,1474.1225085031897,382103.9987327355,383590.42755739833,382847.2131450669
471,0.9993,0.9998,1474.1225085031897,380896.50377687614,382192.74359761464,381544.6236872454
472,0.9993,0.9997,1474.1225085031897,379688.1629824607,380832.8709503965,380260.5169664286
473,0.9993,0.9999,1474.1225085031897,378478.9757569874,379396.68811070436,378937.8319338459
474,0.9998,0.999,1474.1225085031897,377080.26930234465,378300.86646866985,377690.56788550725
475,0.9997,0.999,1474.1225085031897,375718.8624525772,377203.9479080747,376461.40518032596
476,0.999,0.9992,1474.1225085031897,374619.3593033774,376030.6499195071,375325.0046114422
477,0.9996,0.9991,1474.1225085031897,373294.5546167209,374893.93194975867,374094.2432832398
478,0.9994,0.9995,1474.1225085031897,372043.6583031996,373606.61274762923,372825.13552541443
479,0.9997,0.9999,1474.1225085031897,370680.7400167014,372169.707209847,371425.22361327417
480,0.9995,0.9996,1488.8637335882215,369391.31316478056,370843.92227025185,370117.6177175162
481,0.9999,0.9995,1488.8637335882215,367939.2433555279,369539.8284508891,368739.53590320854
482,0.9991,0.9993,1488.8637335882215,366780.48205578997,368308.7808639057,367544.6314598478
483,0.9993,0.9994,1488.8637335882215,365547.5015733031,367040.1412150465,366293.8213941748
484,0.9994,0.999,1488.8637335882215,364277.2041622122,365917.19467613444,365097.1994191733
485,0.9998,0.9996,1488.8637335882215,362860.9126111462,364574.16060678894,363717.5366089676
486,0.9991,0.9998,1488.8637335882215,361697.57669658493,363157.9284588925,362427.7525777387
487,0.9995,0.9993,1488.8637335882215,360388.90741670504,361922.41041259316,361155.6589146491
488,0.9992,0.9997,1488.8637335882215,359187.3935979953,360541.7091917625,359864.5513948789
489,0.9999,0.9993,1488.8637335882215,357734.30329473654,359304.3585091307,358519.3309019336
490,0.9991,0.999,1488.8637335882215,356566.3492754963,358173.6684439865,357370.0088597414
491,0.9992,0.9995,1488.8637335882215,355361.7749618776,356863.23632856255,356112.50564522005
492,0.9995,0.9992,1503.7523709241038,354049.93619638757,355658.89971474616,354854.4179555669
493,0.9997,0.9996,1503.7523709241038,352651.9794192892,354296.8660902581,353474.42275477364
494,0.9993,0.9998,1503.7523709241038,351394.20299045846,352863.68645662535,352128.9447235419
495,0.9993,0.9992,1503.7523709241038,350135.54550138535,351641.24708336795,350888.3962923767
496,0.9992,0.9995,1503.7523709241038,348910.9218679556,350312.6510379628,349611.7864529592
497,0.9995,0.9999,1503.7523709241038,347580.95997702,348843.78304534324,348212.3715111816
498,0.9997,0.9993,1503.7523709241038,346181.06192467327,347583.33901172737,346882.2004682003
499,0.9999,0.9997,1503.7523709241038,344711.78073182236,346183.44167330523,345447.6112025638
500,0.9993,0.9998,1503.7523709241038,343448.4422704876,344748.63903018716,344098.54065033735
501,0.9991,0.9999,1503.7523709241038,342252.71734517417,343279.2145807211,342765.96596294764
502,0.9998,0.9997,1503.7523709241038,340817.12839993,341878.02561748226,341347.57700870617
503,0.9996,0.9993,1503.7523709241038,339449.1556912824,340612.7021380548,340030.9289146686
504,0.9998,0.9992,1518.7898946333448,338013.0059215426,339380.4541304351,338696.7300259888
505,0.9992,0.9996,1518.7898946333448,336763.626928452,337996.8629809941,337380.24495472305
506,0.9995,0.9998,1518.7898946333448,335412.54330547136,336545.3821627933,335978.9627341323
507,0.9991,0.9993,1518.7898946333448,334194.5284864759,335261.2751607725,334727.90182362415
508,0.9991,0.9998,1518.7898946333448,332975.41646666254,333809.24711556226,333392.33179111243
509,0.9992,0.9994,1518.7898946333448,331722.0041753695,332489.9511916439,332105.9776835067
510,0.9991,0.9995,1518.7898946333448,330500.6648791274,331136.72966184147,330818.6972704844
511,0.999,0.9996,1518.7898946333448,329311.18617066473,329749.8397030893,329530.512936877
512,0.9991,0.9996,1518.7898946333448,328087.67518369673,328362.3947663625,328225.03497502964
513,0.9994,0.9995,1518.7898946333448,326764.94425561675,327007.10842594213,326886.02634077944
514,0.9996,0.9996,1518.7898946333448,325376.3048829366,325618.56595769187,325497.4354203142
515,0.9999,0.9994,1518.7898946333448,323889.9039787011,324294.35267466336,324092.12832668226
516,0.9991,0.9998,1533.9777935796783,322661.5094425661,322840.13080619124,322750.82012437866
517,0.9995,0.9999,1533.9777935796783,321288.1757368548,321338.28684129566,321313.2312890752
518,0.9999,0.9996,1533.9777935796783,319786.1765609312,319932.2819605002,319859.22926071566
519,0.999,0.9999,1533.9777935796783,318570.7695368884,318430.14718163863,318500.4583592635
520,0.9996,0.9999,1533.9777935796783,317163.65720619116,316927.8621742764,317045.75969023374
521,0.9999,0.999,1533.9777935796783,315661.2455371652,315709.5939746714,315685.4197559183
522,0.9999,0.9999,1533.9777935796783,314158.6836119467,314207.03688478016,314182.86024836346
523,0.9996,0.9998,1533.9777935796783,312749.80574066326,312735.606212443,312742.70597655314
524,0.9992,0.9995,1533.9777935796783,311464.9999470412,311357.3070723995,311411.15350972035
525,0.9993,0.9991,1533.9777935796783,310148.12584155065,310102.4214581321,310125.2736498414
526,0.9998,0.9997,1533.9777935796783,308675.8832246159,308661.04197714553,308668.4626008807
527,0.9994,0.9991,1533.9777935796783,307326.3012117633,307403.7275383504,307365.01437505684
528,0.9991,0.9997,1549.317571515475,306067.7844241654,305961.53820623254,306014.661315199
529,0.9992,0.9999,1549.317571515475,304762.27667398914,304442.6649012072,304602.47078759817
530,0.9991,0.999,1549.317571515475,303486.09658940416,303196.54387356533,303341.3202314847
531,0.9996,0.9991,1549.317571515475,302057.60205871216,301918.95336007397,301988.27770939306
532,0.9992,0.9992,1549.317571515475,300748.88359407196,300610.12388766865,300679.5037408703
533,0.9994,0.9997,1549.317571515475,299379.19353867974,299150.55148159765,299264.87251013867
534,0.9996,0.9997,1549.317571515475,297949.05558940006,297690.5410724039,297819.798330902
535,0.9994,0.9994,1549.317571515475,296577.68462866184,296319.01490983437,296448.3497692481
536,0.9996,0.9998,1549.317571515475,295146.4256273973,294828.6630709331,294987.54434916517
537,0.9992,0.9996,1549.317571515475,293832.1737949178,293396.70418109006,293614.43898800394
538,0.9999,0.999,1549.317571515475,292312.0874321456,292139.5261357103,292225.80678392795
539,0.999,0.9998,1549.317571515475,291053.8236843145,290648.3382318412,290851.08095807786
540,0.9996,0.9998,1564.8107472306299,289620.3542545008,289156.8520307319,289388.60314261634
541,0.9999,0.9995,1564.8107472306299,288084.3519424644,287735.9092381203,287910.1305902924
542,0.9996,0.9992,1564.8107472306299,286634.19487318303,286400.2186658223,286517.20676950266
543,0.999,0.9997,1564.8107472306299,285354.7388648172,284920.88418384676,285137.811524332
544,0.9997,0.9996,1564.8107472306299,283875.09064477996,283469.46122110455,283672.2759329423
545,0.9997,0.9993,1564.8107472306299,282394.9983970684,282102.12195924536,282248.5601781569
546,0.9992,0.9999,1564.8107472306299,281055.0316751779,280565.36774878955,280810.19971198373
547,0.9998,0.9999,1564.8107472306299,279546.13015397807,279028.4598475436,279287.2950007608
548,0.999,0.9996,1564.8107472306299,278259.57898573315,277574.6789719017,277917.12897881743
549,0.9993,0.9999,1564.8107472306299,276888.59025167866,276037.47197186825,276463.03111177345
550,0.9993,0.9992,1564.8107472306299,275516.6411532553,274692.415156763,275104.52815500915
551,0.9993,0.9991,1564.8107472306299,274143.73101773707,273373.6406861499,273758.68585194345
552,0.9997,0.9996,1580.4588547029362,272660.71848605224,271917.5969777103,272289.15773188125
553,0.9993,0.9999,1580.4588547029362,271270.14873546414,270364.1745404614,270817.1616379628
554,0.9991,0.9996,1580.4588547029362,269932.62924708356,268891.2721946363,269411.9507208599
555,0.9999,0.9994,1580.4588547029362,268379.00829320995,267471.2961176039,267925.1522054069
556,0.9999,0.999,1580.4588547029362,266825.23196170316,266156.99425715813,266491.11310943065
557,0.9995,0.9992,1580.4588547029362,265377.46183791914,264788.36609533144,265082.9139666253
558,0.9997,0.9996,1580.4588547029362,263876.1658329661,263313.2325336419,263594.699183304
559,0.9999,0.9993,1580.4588547029362,262321.93917218037,261916.11495941057,262119.02706579547
560,0.9992,0.9992,1580.4588547029362,260950.24050988536,260544.09137780988,260747.16594384762
561,0.9996,0.999,1580.4588547029362,259473.57108361585,259222.85537848543,259348.21323105064
562,0.9995,0.9998,1580.4588547029362,258022.12329055817,257693.93531084465,257858.0293007014
563,0.9996,0.9997,1580.4588547029362,256544.2821487147,256190.33355620856,256367.30785246164
564,0.9996,0.9992,1596.2634432499656,255065.8496338653,254813.72568205127,254939.78765795828
565,0.9995,0.9998,1596.2634432499656,253596.38438280672,253268.1158619737,253432.25012239022
566,0.9992,0.9998,1596.2634432499656,252201.88244551315,251722.19685809533,251962.03965180425
567,0.999,0.9995,1596.2634432499656,250856.47547774093,250251.05894431748,250553.7672110292
568,0.9997,0.9991,1596.2634432499656,249335.01253825243,248878.78640883547,249106.89947354395
569,0.9992,0.9994,1596.2634432499656,247937.09877402167,247430.98155451822,247684.04016426994
570,0.9992,0.9999,1596.2634432499656,246538.0657833984,245859.3040416724,246198.68491253542
571,0.9992,0.9996,1596.2634432499656,245137.91267028466,244360.78491238737,244749.348791336
572,0.9998,0.9998,1596.2634432499656,243590.36730049478,242813.0840859546,243201.7256932247
573,0.9994,0.9996,1596.2634432499656,242139.38748973864,241313.34598109702,241726.36673541783
574,0.9997,0.9991,1596.2634432499656,240615.30863908038,239933.02225787914,240274.16544847976
575,0.9993,0.9991,1596.2634432499656,239186.4757288406,238551.45512424098,238868.9654265408
576,0.9996,0.9991,1612.2260776824653,237685.28640015068,237168.64346010512,237426.9649301279
577,0.9993,0.9996,1612.2260776824653,236238.4272215233,235650.67765348405,235944.55243750368
578,0.9995,0.9993,1612.2260776824653,234743.572930306,234202.39325107736,234472.98309069168
579,0.9997,0.9996,1612.2260776824653,233201.30724479698,232683.24046958273,232942.27385718987
580,0.9991,0.9999,1612.2260776824653,231797.6990963012,231094.1238042807,231445.91145029094
581,0.9997,0.9993,1612.2260776824653,230254.54938343377,229642.6475799042,229948.59848166897
582,0.9997,0.9994,1612.2260776824653,228710.93658672733,228167.32189535897,228439.12924104315
583,0.9992,0.9996,1612.2260776824653,227280.5349369945,226645.75411932424,226963.14452815935
584,0.999,0.9993,1612.2260776824653,225894.2030623744,225191.16185494023,225542.6824586573
585,0.9994,0.9992,1612.2260776824653,224416.62696086848,223757.94213096256,224087.28454591552
586,0.9997,0.999,1612.2260776824653,222871.26226186458,222368.08413741752,222619.67319964105
587,0.9998,0.9995,1612.2260776824653,221303.29684355084,220866.29120533774,221084.7940244443
588,0.9993,0.9995,1628.34833845929,219844.962239436,219363.74700115586,219604.35462029593
589,0.9991,0.9991,1628.34833845929,218413.18576816804,217931.537046038,218172.36140710302
590,0.9993,0.9997,1628.34833845929,216936.69311488917,216368.0991373199,216652.39612610452
591,0.9991,0.9998,1628.34833845929,215502.2968435891,214782.70734032866,215142.5020919589
592,0.999,0.9996,1628.34833845929,214088.0365416715,213239.65486381488,213663.8457027432
593,0.9996,0.9995,1628.34833845929,212544.70608564644,211717.16510790953,212130.935596778
594,0.9991,0.9994,1628.34833845929,211106.3534653059,210214.94573689238,210660.64960109914
595,0.9994,0.9993,1628.34833845929,209603.767387279,208732.71029564002,209168.2388414595
596,0.9993,0.999,1628.34833845929,208121.10382149473,207311.67363081154,207716.38872615312
597,0.9998,0.9991,1628.34833845929,206534.06229549454,205868.60703868707,206201.3346670908
598,0.9992,0.9992,1628.34833845929,205069.76977285353,204403.78172560828,204736.7757492309
599,0.9996,0.9998,1628.34833845929,203522.83056662086,202815.99658646627,203169.41357654356
600,0.9997,0.9994,1644.631821843883,201955.0687487862,201308.43330799177,201631.75102838897
601,0.9994,0.9997,1644.631821843883,200430.69534414881,199723.7186017284,200077.2069729386
602,0.9999,0.9997,1644.631821843883,198805.9441167166,198138.52833838604,198472.2362275513
603,0.9993,0.9991,1644.631821843883,197299.42189019587,196670.9003268363,196985.1611085161
604,0.9996,0.9998,1644.631821843883,195733.08330167265,195065.28156130467,195399.18243148865
605,0.9995,0.9992,1644.631821843883,194185.54425195474,193575.51014757887,193880.5271997668
606,0.9993,0.9991,1644.631821843883,192675.78547994682,192103.77172028326,192389.77860011504
607,0.9995,0.9998,1644.631821843883,191126.71701661122,190497.23934630863,190811.97818145994
608,0.9998,0.9994,1644.631821843883,189519.98919260586,188965.9871167348,189242.98815467034
609,0.9997,0.9992,1644.631821843883,187931.73689182953,187471.33236077955,187701.53462630452
610,0.9995,0.9997,1644.631821843883,186380.29521759442,185882.4652785192,186131.3802480568
611,0.9999,0.999,1644.631821843883,184754.1388096315,184422.2557123877,184588.1972610096
612,0.9996,0.9991,1661.0781400623218,183182.78009982753,182942.2719352856,183062.52601755655
613,0.9991,0.999,1661.0781400623218,181685.21865655613,181462.65645167496,181573.93755411555
614,0.9998,0.9991,1661.0781400623218,180060.1525470032,179963.54550256496,180011.84902478408
615,0.9996,0.9992,1661.0781400623218,178470.46259197767,178445.22354133573,178457.8430666567
616,0.9997,0.9993,1661.0781400623218,176862.44318487082,176907.980987965,176885.21208641792
617,0.9997,0.999,1661.0781400623218,175253.94122717666,175422.32517307578,175338.13320012623
618,0.9998,0.9992,1661.0781400623218,173627.58860483533,173900.36732687498,173763.97796585516
619,0.999,0.9997,1661.0781400623218,172138.6491138869,172290.9764797566,172214.81279682176
620,0.9992,0.9998,1661.0781400623218,170614.06222360348,170664.03114592345,170639.04668476345
621,0.9996,0.9996,1661.0781400623218,169020.59232046935,169070.58123835648,169045.58677941293
622,0.999,0.9996,1661.0781400623218,167527.04122162866,167476.49369577246,167501.76745870057
623,0.9996,0.9993,1661.0781400623218,165932.33601597275,165931.5676530673,165931.95183452003
624,0.9994,0.9996,1677.688921462945,164369.87980379272,164336.22400260603,164353.05190319938
625,0.999,0.9994,1677.688921462945,162855.04592825804,162756.18879441975,162805.6173613389
626,0.9992,0.9992,1677.688921462945,161306.4021284979,161207.46584563333,161256.93398706563
627,0.9994,0.9992,1677.688921462945,159724.54793579644,159657.5029265116,159691.025431154
628,0.9995,0.999,1677.688921462945,158125.92197532114,158137.95195700566,158131.9369661634
629,0.9997,0.9994,1677.688921462945,156495.18160834067,156554.19555287444,156524.68858060756
630,0.9992,0.9995,1677.688921462945,154941.44584355256,154953.9836232231,154947.7147333878
631,0.9991,0.9995,1677.688921462945,153401.81855879253,153352.9711873538,153377.39487307315
632,0.999,0.9995,1677.688921462945,151876.00564297254,151751.15784481325,151813.5817438929
633,0.9991,0.9999,1677.688921462945,150333.6169767887,150088.47777112742,150211.04737395805
634,0.999,0.9996,1677.688921462945,148804.73278811388,148470.17692043263,148637.45485427324
635,0.9993,0.9997,1677.688921462945,147230.104940109,146836.53896065787,147033.32195038343
636,0.9997,0.9995,1694.4658106775744,145596.09484710018,145231.46577208096,145413.78030959057
637,0.9998,0.9991,1694.4658106775744,143930.4151194465,143666.29963107136,143798.35737525893
638,0.9996,0.9998,1694.4658106775744,142292.86645535106,142000.23386716723,142146.55016125913
639,0.9996,0.9997,1694.4658106775744,140654.66250967738,140347.87241821512,140501.26746394625
640,0.9999,0.9993,1694.4658106775744,138974.09410841065,138750.53197992351,138862.31304416707
641,0.9997,0.9996,1694.4658106775744,137320.8245450966,137110.91053345933,137215.86753927797
642,0.9993,0.9999,1694.4658106775744,135721.36368900136,135429.98772155392,135575.67570527765
643,0.9991,0.9992,1694.4658106775744,134147.6307459952,133842.5959876665,133995.11336683086
644,0.9996,0.9996,1694.4658106775744,132506.16740227854,132201.0105812214,132353.58899174997
645,0.9996,0.9999,1694.4658106775744,130864.04721048515,130519.59673021684,130691.821970351
646,0.9995,0.9999,1694.4658106775744,129234.19849905709,128838.01472101136,129036.10661003423
647,0.9998,0.9994,1694.4658106775744,127565.24573752702,127219.8808388371,127392.56328818205
648,0.9997,0.9991,1711.41046878435,125908.55249259721,125638.4896688615,125773.52108072935
649,0.9993,0.9998,1711.41046878435,124284.1409224586,123951.86957399195,124118.00524822526
650,0.9998,0.9993,1711.41046878435,122597.24990365497,122326.08736636405,122461.66863500951
651,0.9999,0.9999,1711.41046878435,120897.9292277934,120626.73957153685,120762.33439966512
652,0.9999,0.9996,1711.41046878435,119198.43860286934,118962.91426845988,119080.67643566462
653,0.9996,0.9991,1711.41046878435,117534.0417507853,117357.12521236666,117445.58348157597
654,0.9997,0.9996,1711.41046878435,115857.38849855051,115691.99154019839,115774.69001937445
655,0.9993,0.9991,1711.41046878435,114225.93618509574,114083.25600181568,114154.59609345571
656,0.9994,0.9996,1711.41046878435,112582.07496128816,112416.81225793449,112499.44360961133
657,0.9992,0.9996,1711.41046878435,110959.43203813433,110749.70166981807,110854.5668539762
658,0.9994,0.9997,1711.41046878435,109313.6097351911,109071.01250478515,109192.31111998812
659,0.9999,0.9998,1711.41046878435,107612.96056246299,107381.07825165112,107497.01940705706
660,0.9994,0.9995,1728.5245734721937,105965.12917118135,105722.52904739046,105843.8291092859
661,0.9995,0.9991,1728.5245734721937,104288.74897219524,104087.68338896833,104188.21618058179
662,0.9993,0.9995,1728.5245734721937,102632.06684551491,102410.36399749487,102521.2154215049
663,0.9992,0.9998,1728.5245734721937,100984.32973583139,100701.97981998668,100843.15477790903
664,0.9995,0.9991,1728.5245734721937,99305.45789130483,99062.61159695174,99184.0347441283
665,0.9999,0.9993,1728.5245734721937,97586.69198703134,97402.2686115076,97494.48029926947
666,0.9999,0.9997,1728.5245734721937,95867.75418897804,95702.45477446774,95785.1044817229
667,0.9996,0.9991,1728.5245734721937,94176.9003756561,94058.58292562861,94117.74165064236
668,0.9994,0.9991,1728.5245734721937,92503.87812906134,92413.23025938986,92458.55419422561
669,0.9996,0.9998,1728.5245734721937,90811.67822687989,90702.8462551687,90757.26224102429
670,0.9992,0.9994,1728.5245734721937,89154.47723519585,89027.73832469132,89091.10777994359
671,0.9998,0.999,1728.5245734721937,87443.44134999365,87386.6003515707,87415.02085078217
672,0.9995,0.9991,1745.8098192069156,85757.79567435863,85735.23749184115,85746.51658309989
673,0.9994,0.9996,1745.8098192069156,84062.4233091372,84023.03688738919,84042.73009826319
674,0.9996,0.9993,1745.8098192069156,82349.55331125479,82334.86147121212,82342.20739123345
675,0.9994,0.9996,1745.8098192069156,80652.13477291162,80621.30017207403,80636.71747249283
676,0.9996,0.9998,1745.8098192069156,78937.9001137502,78891.26860658843,78914.58436016932
677,0.999,0.9996,1745.8098192069156,77269.35965419748,77176.32931910917,77222.84448665332
678,0.9997,0.999,1745.8098192069156,75546.21369910029,75506.02552542767,75526.11961226398
679,0.999,0.9995,1745.8098192069156,73874.27815805143,73797.11426335243,73835.69621070192
680,0.9996,0.9995,1745.8098192069156,72157.33127135305,72087.34811820461,72122.33969477883
681,0.9991,0.9993,1745.8098192069156,70474.94890616168,70390.81186730482,70432.88038673325
682,0.9991,0.999,1745.8098192069156,68791.05103288435,68713.71576386176,68752.38339837306
683,0.9995,0.9999,1745.8098192069156,67078.78060397942,66974.60340499535,67026.69200448738
684,0.9996,0.9993,1763.2679173989848,65359.11443054472,65274.4857257965,65316.80007817061
685,0.9993,0.9994,1763.2679173989848,63640.394789498394,63549.347416847624,63594.871103173005
686,0.9998,0.9994,1763.2679173989848,61889.504773054025,61823.17340349074,61856.33908827238
687,0.9998,0.9994,1763.2679173989848,60138.26450855675,60095.96306393012,60117.11378624343
688,0.9993,0.9993,1763.2679173989848,58415.887712556556,58373.556636176465,58394.722174366514
689,0.9992,0.9998,1763.2679173989848,56697.97817769973,56621.61304138576,56659.79560954275
690,0.9995,0.9992,1763.2679173989848,54962.191355978735,54902.26693753681,54932.229146757774
691,0.9998,0.9991,1763.2679173989848,53209.56535165008,53186.86720061839,53198.21627613423
692,0.9996,0.9992,1763.2679173989848,51466.88418792627,51464.77110009949,51465.82764401288
693,0.9997,0.9995,1763.2679173989848,49718.53183007631,49726.36636588345,49722.44909797988
694,0.9996,0.9995,1763.2679173989848,47974.45369415499,47987.09199448171,47980.772844318344
695,0.9994,0.9996,1763.2679173989848,46238.929134236554,46242.32100548492,46240.62506986073
696,0.9995,0.999,1780.9005965729746,44497.91017192353,44523.57666475069,44510.74341833711
697,0.9993,0.9995,1780.9005965729746,42746.9324280502,42764.05809722633,42755.49526263826
698,0.9992,0.9997,1780.9005965729746,40998.83089619418,40995.4561374946,40997.143516844386
699,0.9992,0.999,1780.9005965729746,39249.32976343195,39253.8093502719,39251.56955685193
700,0.9999,0.9996,1780.9005965729746,37472.17638449743,37487.90391526503,37480.04014988123
701,0.9993,0.9999,1780.9005965729746,35716.27718195182,35710.57437612967,35713.42577904074
702,0.9998,0.9994,1780.9005965729746,33942.16501838252,33950.0438058402,33946.10441211136
703,0.9996,0.9991,1780.9005965729746,32174.13407543972,32198.121518633994,32186.127797036857
704,0.9999,0.9999,1780.9005965729746,30396.273106177363,30420.262948355856,30408.26802726661
705,0.9993,0.9999,1780.9005965729746,28635.41730171559,28642.226574440327,28638.82193807796
706,0.9991,0.9993,1780.9005965729746,26878.707541930355,26880.142077321478,26879.424809625918
707,0.9993,0.9994,1780.9005965729746,25115.387716759113,25114.310066788577,25114.848891773843
708,0.9999,0.9999,1798.7096025387043,23336.820802266364,23335.743044520055,23336.28192339321
709,0.9997,0.9997,1798.7096025387043,21544.57457209929,21543.49649092863,21544.03553151396
710,0.9999,0.9996,1798.7096025387043,19747.83975353594,19752.687963575354,19750.26385855565
711,0.9997,0.9991,1798.7096025387043,17954.51650594902,17970.151497384297,17962.33400166666
712,0.9994,0.9995,1798.7096025387043,16165.506207134598,16179.531660675928,16172.518933905263
713,0.9995,0.9998,1798.7096025387043,14373.983596394091,14383.698797896803,14378.841197145448
714,0.9991,0.9996,1798.7096025387043,12586.601935597426,12590.025205440275,12588.31357051885
715,0.9997,0.9991,1798.7096025387043,10791.12967196031,10801.036535783778,10796.083103872044
716,0.9991,0.9997,1798.7096025387043,9000.520537905722,9005.028441777607,9002.774489841664
717,0.9992,0.9998,1798.7096025387043,7207.576996964591,7207.760391317167,7207.668694140879
718,0.9999,0.9997,1798.7096025387043,5409.4083352594125,5410.673990975755,5410.041163117584
719,0.9992,0.9995,1798.7096025387043,3613.5896044042315,3613.771274074088,3613.6804392391596
720,0.999,0.9991,1816.6966985640913,1816.6966985640913,1816.6966985640913,1816.6966985640913
